Title,Note,URL,Tags,Comment
,,,,
PIZZERIA BRUNA,,https://www.google.com/maps/place/PIZZERIA+BRUNA/data=!4m2!3m1!1s0x60188bb7c80e5f49:0x2fd24b410ce8c10d,,
Ghungroo,,https://www.google.com/maps/place/Ghungroo/data=!4m2!3m1!1s0x60188b60748a2411:0x4fb27375453f0e88,,
Patisserie Cacahouete Paris,,https://www.google.com/maps/place/Patisserie+Cacahouete+Paris/data=!4m2!3m1!1s0x60188b4d9bcc419f:0x2434ffae516be599,,
Antoine Careme,,https://www.google.com/maps/place/Antoine+Careme/data=!4m2!3m1!1s0x60188b2f822535e5:0x7fc690fa9ad44ecf,,
CRIOLLO by Antoine Santos,,https://www.google.com/maps/place/CRIOLLO+by+Antoine+Santos/data=!4m2!3m1!1s0x60188b48e7ce8f7f:0x992e68eccfca6913,,
Peter Luger Steak House Tokyo,,https://www.google.com/maps/place/Peter+Luger+Steak+House+Tokyo/data=!4m2!3m1!1s0x60188bd28536402d:0x45eca5f988b97909,,
CUJORL,,https://www.google.com/maps/place/CUJORL/data=!4m2!3m1!1s0x60188b50c62d7dc5:0x4ad639eb37cab008,,
Yasubei of Ebisu,,https://www.google.com/maps/place/Yasubei+of+Ebisu/data=!4m2!3m1!1s0x60188b14e6e1dec3:0x3a100f7803345e69,,
Arco Iris,,https://www.google.com/maps/place/Arco+Iris/data=!4m2!3m1!1s0x60188afbb57ea087:0xf846b8620cf95a0d,,
シバカリーワラ,,https://www.google.com/maps/place/%E3%82%B7%E3%83%90%E3%82%AB%E3%83%AA%E3%83%BC%E3%83%AF%E3%83%A9/data=!4m2!3m1!1s0x6018f49f9379b65b:0x52d76a4fe38fc945,,
Tofu Cuisine Sorano Shibuya,,https://www.google.com/maps/place/Tofu+Cuisine+Sorano+Shibuya/data=!4m2!3m1!1s0x60188b5bb2beb491:0x3ca9e75cd11c88e,,
Picica Picica Pizza & Pasta,,https://www.google.com/maps/place/Picica+Picica+Pizza+%26+Pasta/data=!4m2!3m1!1s0x60188b007d459ceb:0xd25d8aea53e44e5f,,
エル ブエイ,,https://www.google.com/maps/place/%E3%82%A8%E3%83%AB+%E3%83%96%E3%82%A8%E3%82%A4/data=!4m2!3m1!1s0x60188c5b226ff7d5:0x233cf75f96a429f7,,
Andhra Dining SHIBUYA,,https://www.google.com/maps/place/Andhra+Dining+SHIBUYA/data=!4m2!3m1!1s0x60188ddcbcdc8aa5:0xc38abedb8f3bd00d,,
VMG Café Kudan Kaikan Terrace,,https://www.google.com/maps/place/VMG+Caf%C3%A9+Kudan+Kaikan+Terrace/data=!4m2!3m1!1s0x60188c6b42c00001:0xc788adf8567e2c23,,
Kagurazaka Stagione,,https://www.google.com/maps/place/Kagurazaka+Stagione/data=!4m2!3m1!1s0x60188c5ac2f9d48d:0xe04f52cd9efe63a4,,
Kuss 代官山,,https://www.google.com/maps/place/Kuss+%E4%BB%A3%E5%AE%98%E5%B1%B1/data=!4m2!3m1!1s0x60188bfcfa675abf:0xe91a8ffb84d67f90,,
Luke’s Lobster Omotesando Cat Street,,https://www.google.com/maps/place/Luke%E2%80%99s+Lobster+Omotesando+Cat+Street/data=!4m2!3m1!1s0x60188ca408b49a21:0x288b80aabc120b01,,
SMOKEHOUSE,,https://www.google.com/maps/place/SMOKEHOUSE/data=!4m2!3m1!1s0x60188ca69a302d09:0x22f2979e65ea0099,,
Japanese Restaurant KINZA,,https://www.google.com/maps/place/Japanese+Restaurant+KINZA/data=!4m2!3m1!1s0x6018893b35a2fac7:0x51fe779a9cc64361,,
DADAÏ THAI VIETNAMESE DIM SUM,,https://www.google.com/maps/place/DADA%C3%8F+THAI+VIETNAMESE+DIM+SUM/data=!4m2!3m1!1s0x60188d4602683cf9:0x2c1365875cd7081b,,
Chez Lui,,https://www.google.com/maps/place/Chez+Lui/data=!4m2!3m1!1s0x60188b4ff2cd0177:0x33bb38ba7cf30fb,,
Ryūmon,,https://www.google.com/maps/place/Ry%C5%ABmon/data=!4m2!3m1!1s0x60188b193c0f300d:0x64dc3b2ecda6c8ce,,
恵比寿 土鍋炊ごはん なかよし 目黒権之助坂店,,https://www.google.com/maps/place/%E6%81%B5%E6%AF%94%E5%AF%BF+%E5%9C%9F%E9%8D%8B%E7%82%8A%E3%81%94%E3%81%AF%E3%82%93+%E3%81%AA%E3%81%8B%E3%82%88%E3%81%97+%E7%9B%AE%E9%BB%92%E6%A8%A9%E4%B9%8B%E5%8A%A9%E5%9D%82%E5%BA%97/data=!4m2!3m1!1s0x60188b3f31b10a0b:0x28673254c797562a,,
Nakayoshi,,https://www.google.com/maps/place/Nakayoshi/data=!4m2!3m1!1s0x60188b18dd855555:0x7ba9be944b143eaf,,
【渋谷横丁】渋谷バル,,https://www.google.com/maps/place/%E3%80%90%E6%B8%8B%E8%B0%B7%E6%A8%AA%E4%B8%81%E3%80%91%E6%B8%8B%E8%B0%B7%E3%83%90%E3%83%AB/data=!4m2!3m1!1s0x60188d007fd31995:0x5ea7655bb819c906,,
Warayakiya Roppongi,,https://www.google.com/maps/place/Warayakiya+Roppongi/data=!4m2!3m1!1s0x60188b9d70ecf775:0x265b49ddd5069aaa,,
GyoroGyoro,,https://www.google.com/maps/place/GyoroGyoro/data=!4m2!3m1!1s0x60188bbeb40caf47:0x17bba7a3ac8c1d62,,
Bangera's Kitchen,,https://www.google.com/maps/place/Bangera's+Kitchen/data=!4m2!3m1!1s0x60188ba036a974d9:0x70757ab3b91bf1a1,,
Sri Mangalam A/C,,https://www.google.com/maps/place/Sri+Mangalam+A%2FC/data=!4m2!3m1!1s0x6018f17318fe921b:0x5d89d8780b41e7bc,,
Thanjai Meals Hatagaya,,https://www.google.com/maps/place/Thanjai+Meals+Hatagaya/data=!4m2!3m1!1s0x6018f3c883162325:0xdf9090ff187a7a05,,
Vege Herb Saga Ueno,,https://www.google.com/maps/place/Vege+Herb+Saga+Ueno/data=!4m2!3m1!1s0x60188ea0550b5127:0xd98fda213c38af12,,
Tsukiji Sushi Sei Honten,,https://www.google.com/maps/place/Tsukiji+Sushi+Sei+Honten/data=!4m2!3m1!1s0x60188bdf2acd87cf:0xbbcf8312a7b0b71e,,
大阪餃子専門店よしこ 目黒店,,https://www.google.com/maps/place/%E5%A4%A7%E9%98%AA%E9%A4%83%E5%AD%90%E5%B0%82%E9%96%80%E5%BA%97%E3%82%88%E3%81%97%E3%81%93+%E7%9B%AE%E9%BB%92%E5%BA%97/data=!4m2!3m1!1s0x60188be5e9fc86a7:0x888efd0f35600e2,,
KINKA Sushi Bar Izakaya,,https://www.google.com/maps/place/KINKA+Sushi+Bar+Izakaya/data=!4m2!3m1!1s0x60188bc664f1c631:0x57db1e12f7517ced,,
Sarashina Horii,,https://www.google.com/maps/place/Sarashina+Horii/data=!4m2!3m1!1s0x60188b9e33a35639:0x429bb112b4b3cccf,,
Gonpachi Nishi-Azabu,,https://www.google.com/maps/place/Gonpachi+Nishi-Azabu/data=!4m2!3m1!1s0x60188b7a9a5e0913:0x1290299c462e0387,,
hocus pocus,,https://www.google.com/maps/place/hocus+pocus/data=!4m2!3m1!1s0x60188c797f92a233:0xd515197fd30b6bd,,
Osaka gyoza specialty store Yoshiko Gotanda main store,,https://www.google.com/maps/place/Osaka+gyoza+specialty+store+Yoshiko+Gotanda+main+store/data=!4m2!3m1!1s0x60188bb8e48d1ce7:0x1ee019a6ad20daad,,
Hanahana Yano,,https://www.google.com/maps/place/Hanahana+Yano/data=!4m2!3m1!1s0x6018f4ebb397c0cb:0xfc19e342ec290021,,
Spa LaQua,,https://www.google.com/maps/place/Spa+LaQua/data=!4m2!3m1!1s0x60188c386f25b02d:0x971c1c811b2ad84b,,
RistoPizza by Napoli sta ca,,https://www.google.com/maps/place/RistoPizza+by+Napoli+sta+ca/data=!4m2!3m1!1s0x60188b32680e7473:0x521a4894cc5abef8,,
Canal Cafe,,https://www.google.com/maps/place/Canal+Cafe/data=!4m2!3m1!1s0x60188c44b0705555:0x6ea297458756573f,,
Parklet Bakery Meiji Park / Kiosk Coffee & Ice Cream,,https://www.google.com/maps/place/Parklet+Bakery+Meiji+Park+%2F+Kiosk+Coffee+%26+Ice+Cream/data=!4m2!3m1!1s0x60188d00580e5f4f:0xb4128d86925f3dd2,,
NESCAFÉ Harajuku,,https://www.google.com/maps/place/NESCAF%C3%89+Harajuku/data=!4m2!3m1!1s0x60188cba5491f8e3:0xef1412097d7d832c,,
MASA'S KITCHEN EBISU,,https://www.google.com/maps/place/MASA'S+KITCHEN+EBISU/data=!4m2!3m1!1s0x60188b14d376161f:0x40d33a06664165aa,,
Series,,https://www.google.com/maps/place/Series/data=!4m2!3m1!1s0x60188ba687211871:0xe663d563a489ee3b,,
Chinkashisai Gotanda,,https://www.google.com/maps/place/Chinkashisai+Gotanda/data=!4m2!3m1!1s0x60188ae4eb9108df:0x86e079cc9d7a8ca1,,
MUSHROOM TOKYO,,https://www.google.com/maps/place/MUSHROOM+TOKYO/data=!4m2!3m1!1s0x60188ca40b6322f9:0xf7285a191266058a,,
表参道 うかい亭,,https://www.google.com/maps/place/%E8%A1%A8%E5%8F%82%E9%81%93+%E3%81%86%E3%81%8B%E3%81%84%E4%BA%AD/data=!4m2!3m1!1s0x60188ca3fa7bb73f:0x5a0c19ac3a13ab24,,
Eggs 'n Things 原宿店,,https://www.google.com/maps/place/Eggs+'n+Things+%E5%8E%9F%E5%AE%BF%E5%BA%97/data=!4m2!3m1!1s0x60188ca47ec7d85b:0xbedafea67abc370f,,
The Public Place,,https://www.google.com/maps/place/The+Public+Place/data=!4m2!3m1!1s0x60188b0030f051cd:0xd799346aca85e6d5,,
BROWNSTONE Tapas Bar GINZA,,https://www.google.com/maps/place/BROWNSTONE+Tapas+Bar+GINZA/data=!4m2!3m1!1s0x60188b00442e19b9:0x7b183f928621d792,,
Dining Darts Bar Bee Shinjuku,,https://www.google.com/maps/place/Dining+Darts+Bar+Bee+Shinjuku/data=!4m2!3m1!1s0x60188cda1ed498c5:0xd5c34b4c94137e1c,,
Canova,,https://www.google.com/maps/place/Canova/data=!4m2!3m1!1s0x60188dcd88155901:0x1dd04cecaa180ba1,,
ハイボールバー サニーサイド1923,,https://www.google.com/maps/place/%E3%83%8F%E3%82%A4%E3%83%9C%E3%83%BC%E3%83%AB%E3%83%90%E3%83%BC+%E3%82%B5%E3%83%8B%E3%83%BC%E3%82%B5%E3%82%A4%E3%83%891923/data=!4m2!3m1!1s0x60188afb1f06ffad:0x6abdeba1fcae44aa,,
blue coco Ebisu,,https://www.google.com/maps/place/blue+coco+Ebisu/data=!4m2!3m1!1s0x60188b1504714c37:0x973f09727f808e78,,
As アス,,https://www.google.com/maps/place/As+%E3%82%A2%E3%82%B9/data=!4m2!3m1!1s0x60188bdc875be735:0x5199f4517ea3938,,
kasiki,,https://www.google.com/maps/place/kasiki/data=!4m2!3m1!1s0x6018f361ed798aad:0x518a32c04e9c261c,,
Monna Lisa Ebisu,,https://www.google.com/maps/place/Monna+Lisa+Ebisu/data=!4m2!3m1!1s0x60188b41401c6f7f:0x4d2938d917baac78,,
La Stella Polare,,https://www.google.com/maps/place/La+Stella+Polare/data=!4m2!3m1!1s0x6018f350b5c7a5bb:0x1f7471dc7d0d2925,,
Restaurant Chef's Theatre,,https://www.google.com/maps/place/Restaurant+Chef's+Theatre/data=!4m2!3m1!1s0x60188b0ed32aa7b1:0x7315089419c5a6c7,,
Hiramatsu Hiroo Restaurant,,https://www.google.com/maps/place/Hiramatsu+Hiroo+Restaurant/data=!4m2!3m1!1s0x60188b72bf3ab0dd:0x30649bd87c21e7ed,,
bills Omotesando,,https://www.google.com/maps/place/bills+Omotesando/data=!4m2!3m1!1s0x60188ca47db800a1:0xbb02115988308d7,,
にもの,,https://www.google.com/maps/place/%E3%81%AB%E3%82%82%E3%81%AE/data=!4m2!3m1!1s0x60188b729725feed:0x19752d4a216b217,,
Design Festa Gallery,,https://www.google.com/maps/place/Design+Festa+Gallery/data=!4m2!3m1!1s0x60188ca31a6f487b:0x59410080ec9c6d61,,
Bombay Sizzlers,,https://www.google.com/maps/place/Bombay+Sizzlers/data=!4m2!3m1!1s0x60188b1cb24797ab:0x5cc404571bc967c6,,
Nandhini,,https://www.google.com/maps/place/Nandhini/data=!4m2!3m1!1s0x60188beb2f1aaaad:0xeca3f15a64ad6cf1,,
